{
    "condition": [
        "A set of instructions described in ",
        "instructions",
        " lead to a set of bytes ",
        "_bytes1",
        " that can be hashed using the keccak256 function to produce a set of 32 bytes ",
        "_bytes2",
        ". The bytes ",
        "_bytes2",
        " when hashed again using the keccak256 function matches the labeled hash value ",
        "_bytes3",
        " in the contract indicating a successful decryption. The lowercase of the alphanumeric hex characters of the ",
        "_bytes2",
        " is used as the passphrase in aes-256-cbc encryption to encrpt/decrypt the solution of the task explained in the encrypted file ",
        "encryptedSolution",
        " to be decrypted into ",
        "decryptedSolution",
        ". Submit the bytes ",
        "_bytes2",
        " to the contract."
    ],
    "labeledVariables": [
        "instructions",
        "encryptedSolution",
        "decryptedSolution"
    ],
    "intermediateVariables": [
        "_bytes1",
        "_bytes2",
        "_bytes3"
    ],
    "exampleSpecification": {
        "instructions": "Answer the following riddle in all lowercase, with no punctuation, with spaces, and encode into bytes using UTF-8. Why was six afraid of seven?",
        "encryptedSolution": "solution.enc",
        "decryptedSolution": "solution.txt"
    },
    "exampleAnswer": "solution.txt"
}